Workbook

Sheet Instructions
B1: GenAI Readiness Rubric - based on ISO/IEC 5339:2024 and ISO/IEC 5338:2023
B3: Purpose | C3: Self-assessment for the executive team: score 20 criteria to gauge whether the organization is ready to implement Generative AI. Dimensions A-C draw on ISO/IEC 5339 (AI application context, stakeholders, trustworthiness); dimensions D-F draw on ISO/IEC 5338 (AI system life cycle processes). Neither standard is certifiable; this rubric is a decision aid, not an audit.
B4: How to use | C4: 1. Go to the 'Rubric' sheet. 2. For each of the 20 criteria, enter a score of 1-4 in the yellow Score column (see scale below). 3. Add evidence or comments in the Notes column. 4. Read your overall readiness score and per-dimension results on the 'Results' sheet - everything there calculates automatically.
B5: Who should score | C5: Score as a leadership team (CEO/CIO/CDO/CRO/CFO + business owners), ideally in one workshop. Where views differ, score the lower value and note why - optimism is the main source of false readiness.
B6: Scoring scale
B7: 1 - Absent | C7: Nothing in place; the topic has not been addressed.
B8: 2 - Ad hoc | C8: Some informal or partial activity; dependent on individuals; not documented or repeatable.
B9: 3 - Defined | C9: Documented, approved approach exists and is applied to the GenAI initiative.
B10: 4 - Managed | C10: Approach is operating, measured, and improved; evidence would satisfy an auditor or regulator.
B11: Readiness bands
B12: 80-100% | C12: READY TO SCALE - proceed; governance and lifecycle discipline can support production GenAI.
B13: 65-79% | C13: CONDITIONALLY READY - proceed with a contained pilot under explicit guardrails; close gaps in parallel.
B14: 50-64% | C14: FOUNDATIONAL GAPS - remediate weakest dimensions before any production use; limit work to sandboxed experiments.
B15: Below 50% | C15: NOT READY - build fundamentals (strategy, data governance, risk, skills) before committing to GenAI.
B16: Red-flag rule | C16: Any single dimension scoring below 50% caps effective readiness one band lower, regardless of the total - a strong average cannot compensate for, e.g., absent data governance. The Results sheet flags this automatically.
B17: Legend | C17: Yellow cells with blue text = your inputs (Score and Notes columns on the Rubric sheet). All other cells are calculated or fixed - do not edit. Example scores are pre-filled to show the mechanics; replace them with your own.
B18: Standards map | C18: A-B: ISO/IEC 5339 context, stakeholder (make/use/impact) and life-cycle-relationship guidance. C: ISO/IEC 5339 non-functional characteristics (with ISO/IEC 23894 risk guidance). D-E: ISO/IEC 5338 data and technical life cycle processes. F: ISO/IEC 5338 organizational/agreement enabling processes (with ISO/IEC 42001 as governance layer).

Sheet Rubric
A1: ID | B1: Dimension | C1: Criterion | D1: What a 4 looks like | E1: ISO anchor | F1: Score (1-4) | G1: Notes / evidence
A2: A1 | B2: A. Strategic context & value | C2: GenAI use cases are defined with intended purpose, expected outcomes, and measurable success criteria. | D2: Prioritized use-case portfolio with owner, KPI targets, and explicit out-of-scope uses for each. | E2: 5339 Clause 5 (context) | F2: 3 | G2: Example - replace
A3: A2 | B3: A. Strategic context & value | C3: A business case exists covering value, full lifecycle cost, and build/buy/partner options. | D3: Approved business case incl. run costs (inference, monitoring, retraining) and vendor-vs-build analysis. | E3: 5339 Clause 5 | F3: 3
A4: A3 | B4: A. Strategic context & value | C4: Executive sponsorship is active and leadership has explicitly set the organization's AI risk appetite. | D4: Named C-level sponsor; documented risk-appetite statement approved by board/exec committee. | E4: 5339 Clause 5, Clause 6 | F4: 3
A5: B1 | B5: B. Stakeholder & impact | C5: Stakeholders are mapped across make / use / impact perspectives (producers, providers, users, customers, community, regulators). | D5: Documented stakeholder map with roles and responsibilities per life cycle stage, reviewed by legal/compliance. | E5: 5339 Clause 6 (framework) | F5: 3
A6: B2 | B6: B. Stakeholder & impact | C6: The people who will use or be affected by GenAI outputs have been identified and consulted; workforce change impacts are assessed. | D6: User research/consultation done; change-management and communication plan in place; unions/works councils engaged where relevant. | E6: 5339 Clause 6 (use) | F6: 3
A7: B3 | B7: B. Stakeholder & impact | C7: Societal, ethical, and community impacts of intended GenAI uses have been assessed. | D7: Documented impact assessment covering fairness, misinformation, accessibility, and affected-community concerns, with mitigations. | E7: 5339 Clause 6 (impact) | F7: 1
A8: C1 | B8: C. Risk, trustworthiness & compliance | C8: An AI risk management process exists (or is planned) and is integrated with enterprise risk management. | D8: AI risks identified, assessed, treated and reported through ERM per ISO/IEC 23894; risk owner named per use case. | E8: 5339 Clause 5.6; 23894 | F8: 3
A9: C2 | B9: C. Risk, trustworthiness & compliance | C9: Trustworthiness requirements are defined: bias, explainability, transparency, and tolerance for hallucination/error. | D9: Quantified thresholds per use case (e.g. accuracy floor, disclosure rules, human-in-the-loop triggers) signed off by the business owner. | E9: 5339 Clause 5.5 | F9: 2
A10: C3 | B10: C. Risk, trustworthiness & compliance | C10: Regulatory exposure is mapped per jurisdiction (e.g. EU AI Act, sector rules) with obligations assigned. | D10: Legal register of AI obligations per market; classification of each use case; compliance tasks assigned and tracked. | E10: 5339 Clause 6 (regulator) | F10: 3
A11: C4 | B11: C. Risk, trustworthiness & compliance | C11: Security, privacy, and IP controls specific to GenAI are in place (prompt/data leakage, training-data rights, confidentiality). | D11: Controls for data sent to models, IP/licensing review of training data and outputs, DLP for prompts, incident playbooks. | E11: 5339 Clause 5.5; 5338 (security particularities) | F11: 3
A12: D1 | B12: D. Data readiness | C12: Data availability, quality, and provenance have been assessed for the intended use cases. | D12: Data profiled against use-case needs; quality metrics and provenance documented; gaps costed. | E12: 5338 (data engineering) | F12: 3
A13: D2 | B13: D. Data readiness | C13: Data governance covers ownership, classification, and permission to use data for AI, including protection of sensitive training data. | D13: Data owners named; classification applied; legal basis for AI use confirmed; sensitive data protected in dev as in prod. | E13: 5338 (data particularities) | F13: 2
A14: D3 | B14: D. Data readiness | C14: Data lifecycle controls exist: retention, lineage, and the ability to trace model outputs back to data and model versions. | D14: End-to-end lineage from source data through model version to output; retention/deletion enforced. | E14: 5338 (data mgmt) | F14: 1
... A21: F3 | B21: F. Organization, skills & governance | C21: Supplier management covers AI vendors: model-provider due diligence, contract terms, and exit strategy. | D21: Due-diligence checklist for AI vendors; contracts address data use, IP, liability, SLAs, model-change notice; exit plan exists. | E21: 5338 (agreement processes) | F21: 3

Sheet Results
A1: GenAI Readiness - Results
A3: Dimension | B3: Weight | C3: Avg score (of 4) | D3: Dimension % | E3: Weighted points | F3: Reading
A4: A. Strategic context & value (ISO/IEC 5339) | B4: 0.15 | C4: =AVERAGE(Rubric!F2:F4) -> 3 | D4: =C4/4 -> 0.75 | E4: =D4*B4 -> 0.1125 | F4: =IF(D4<0.5,"RED FLAG - below 50%: remediate before proceeding",IF(D4<0.65,"Weak - priority gap",IF(D4<0.8,"Adequate - strengthen during pilot","Strong"))) -> Adequate - strengthen during pilot
A5: B. Stakeholder & impact readiness (ISO/IEC 5339) | B5: 0.15 | C5: =AVERAGE(Rubric!F5:F7) -> 2.3333333 | D5: =C5/4 -> 0.58333333 | E5: =D5*B5 -> 0.0875 | F5: =IF(D5<0.5,"RED FLAG - below 50%: remediate before proceeding",IF(D5<0.65,"Weak - priority gap",IF(D5<0.8,"Adequate - strengthen during pilot","Strong"))) -> Weak - priority gap
A6: C. Risk, trustworthiness & compliance (ISO/IEC 5339 / 23894) | B6: 0.2 | C6: =AVERAGE(Rubric!F8:F11) -> 2.75 | D6: =C6/4 -> 0.6875 | E6: =D6*B6 -> 0.1375 | F6: =IF(D6<0.5,"RED FLAG - below 50%: remediate before proceeding",IF(D6<0.65,"Weak - priority gap",IF(D6<0.8,"Adequate - strengthen during pilot","Strong"))) -> Adequate - strengthen during pilot
A7: D. Data readiness (ISO/IEC 5338) | B7: 0.15 | C7: =AVERAGE(Rubric!F12:F14) -> 2 | D7: =C7/4 -> 0.5 | E7: =D7*B7 -> 0.075 | F7: =IF(D7<0.5,"RED FLAG - below 50%: remediate before proceeding",IF(D7<0.65,"Weak - priority gap",IF(D7<0.8,"Adequate - strengthen during pilot","Strong"))) -> Weak - priority gap
A8: E. Lifecycle & operations capability (ISO/IEC 5338) | B8: 0.2 | C8: =AVERAGE(Rubric!F15:F18) -> 2.25 | D8: =C8/4 -> 0.5625 | E8: =D8*B8 -> 0.1125 | F8: =IF(D8<0.5,"RED FLAG - below 50%: remediate before proceeding",IF(D8<0.65,"Weak - priority gap",IF(D8<0.8,"Adequate - strengthen during pilot","Strong"))) -> Weak - priority gap
A9: F. Organization, skills & governance (ISO/IEC 5338 / 42001) | B9: 0.15 | C9: =AVERAGE(Rubric!F19:F21) -> 2.3333333 | D9: =C9/4 -> 0.58333333 | E9: =D9*B9 -> 0.0875 | F9: =IF(D9<0.5,"RED FLAG - below 50%: remediate before proceeding",IF(D9<0.65,"Weak - priority gap",IF(D9<0.8,"Adequate - strengthen during pilot","Strong"))) -> Weak - priority gap
A10: OVERALL READINESS | E10: =SUM(E4:E9) -> 0.6125
A12: Readiness band | B12: =IF(E10>=0.8,"READY TO SCALE",IF(E10>=0.65,"CONDITIONALLY READY",IF(E10>=0.5,"FOUNDATIONAL GAPS","NOT READY"))) -> FOUNDATIONAL GAPS
A13: Red-flag check | B13: =IF(COUNTIF(D4:D9,"<0.5")>0,"CAUTION: "&COUNTIF(D4:D9,"<0.5")&" dimension(s) below 50% - treat readiness as one band lower and fix these first.","None - no dimension below 50%.") -> None - no dimension below 50%.
A14: Recommended action | B14: =IF(E10>=0.8,"Proceed to production implementation under your defined lifecycle gates (ISO/IEC 5338); keep monitoring and revalidation active.",IF(E10>=0.65,"Run a contained pilot with explicit guardrails (human review, restricted data, limited users); close Weak/Red-flag dimensions in parallel.",IF(E10>=0.5,"Do not deploy to production. Remediate the lowest-scoring dimensions, then re-score; limit GenAI to sandboxed experiments.","Defer GenAI implementation. Build strategy, data governance, risk management, and skills first; re-score in 3-6 months."))) -> Do not deploy to production. Remediate the lowest-scoring dimensions, then re-score; limit GenAI to sandboxed experiments.
A16: Method: each criterion scored 1-4; dimension % = average score / 4; overall = weighted sum (A 15%, B 15%, C 20%, D 15%, E 20%, F 15% - weights reflect the higher decision impact of risk/compliance and lifecycle capability; adjust on the Results sheet if your context differs). Bands and red-flag rule are defined on the Instructions sheet. Sources: ISO/IEC 5339:2024, ISO/IEC 5338:2023 (framework structure); weights and bands are consulting judgment, not part of the standards.
